{
  "latency": {
    "baseline": [
      [
        25,
        0.08843474998138845
      ],
      [
        50,
        0.17121966664368907
      ],
      [
        100,
        0.3412418888571362
      ],
      [
        200,
        0.7638508195523173
      ],
      [
        350,
        0.938179389340803
      ]
    ],
    "kv_cache": [
      [
        25,
        0.08304462504262726
      ],
      [
        50,
        0.1654751666355878
      ],
      [
        100,
        0.3292229163149993
      ],
      [
        200,
        0.659055499980847
      ],
      [
        350,
        0.8828694031108171
      ]
    ],
    "speculative": [
      [
        25,
        0.10687455527173977
      ],
      [
        50,
        0.22180780527802804
      ],
      [
        100,
        0.5400104859533409
      ],
      [
        200,
        1.1339140282943845
      ],
      [
        350,
        1.1440615279910464
      ]
    ]
  },
  "equivalence": {
    "all_equivalent": true,
    "n_match": 10,
    "n_total": 10,
    "match_rate": 1.0,
    "per_prompt": [
      {
        "prompt_idx": 0,
        "match": true,
        "first_diff": 50,
        "baseline": [
          58,
          46,
          43,
          1,
          57,
          46,
          39,
          50,
          50,
          1,
          58,
          46,
          43,
          1,
          57,
          46,
          39,
          50,
          50,
          1,
          58,
          46,
          43,
          1,
          57,
          53,
          1,
          58,
          46,
          43,
          1,
          57,
          53,
          59,
          50,
          42,
          1,
          58,
          46,
          43,
          1,
          57,
          53,
          59,
          50,
          42,
          0,
          32,
          46,
          43
        ],
        "kv_cache": [
          58,
          46,
          43,
          1,
          57,
          46,
          39,
          50,
          50,
          1,
          58,
          46,
          43,
          1,
          57,
          46,
          39,
          50,
          50,
          1,
          58,
          46,
          43,
          1,
          57,
          53,
          1,
          58,
          46,
          43,
          1,
          57,
          53,
          59,
          50,
          42,
          1,
          58,
          46,
          43,
          1,
          57,
          53,
          59,
          50,
          42,
          0,
          32,
          46,
          43
        ]
      },
      {
        "prompt_idx": 1,
        "match": true,
        "first_diff": 50,
        "baseline": [
          58,
          46,
          43,
          1,
          57,
          46,
          39,
          50,
          50,
          1,
          58,
          46,
          43,
          1,
          58,
          1,
          58,
          46,
          43,
          1,
          58,
          46,
          43,
          1,
          58,
          46,
          43,
          1,
          57,
          43,
          1,
          57,
          43,
          1,
          58,
          1,
          57,
          43,
          1,
          57,
          43,
          1,
          58,
          46,
          43,
          43,
          1,
          58,
          46,
          43
        ],
        "kv_cache": [
          58,
          46,
          43,
          1,
          57,
          46,
          39,
          50,
          50,
          1,
          58,
          46,
          43,
          1,
          58,
          1,
          58,
          46,
          43,
          1,
          58,
          46,
          43,
          1,
          58,
          46,
          43,
          1,
          57,
          43,
          1,
          57,
          43,
          1,
          58,
          1,
          57,
          43,
          1,
          57,
          43,
          1,
          58,
          46,
          43,
          43,
          1,
          58,
          46,
          43
        ]
      },
      {
        "prompt_idx": 2,
        "match": true,
        "first_diff": 50,
        "baseline": [
          0,
          23,
          21,
          26,
          19,
          1,
          30,
          21,
          26,
          19,
          1,
          30,
          21,
          26,
          19,
          53,
          61,
          39,
          63,
          1,
          30,
          16,
          35,
          13,
          30,
          16,
          1,
          21,
          15,
          20,
          13,
          30,
          16,
          35,
          13,
          30,
          16,
          1,
          21,
          15,
          20,
          13,
          30,
          16,
          35,
          13,
          30,
          16,
          1,
          21
        ],
        "kv_cache": [
          0,
          23,
          21,
          26,
          19,
          1,
          30,
          21,
          26,
          19,
          1,
          30,
          21,
          26,
          19,
          53,
          61,
          39,
          63,
          1,
          30,
          16,
          35,
          13,
          30,
          16,
          1,
          21,
          15,
          20,
          13,
          30,
          16,
          35,
          13,
          30,
          16,
          1,
          21,
          15,
          20,
          13,
          30,
          16,
          35,
          13,
          30,
          16,
          1,
          21
        ]
      },
      {
        "prompt_idx": 3,
        "match": true,
        "first_diff": 50,
        "baseline": [
          1,
          58,
          46,
          43,
          1,
          57,
          53,
          59,
          50,
          1,
          58,
          46,
          43,
          1,
          57,
          53,
          59,
          50,
          42,
          0,
          32,
          46,
          43,
          1,
          46,
          43,
          1,
          57,
          46,
          39,
          50,
          50,
          50,
          50,
          50,
          50,
          50,
          1,
          58,
          1,
          58,
          1,
          58,
          1,
          58,
          53,
          1,
          58,
          53,
          1
        ],
        "kv_cache": [
          1,
          58,
          46,
          43,
          1,
          57,
          53,
          59,
          50,
          1,
          58,
          46,
          43,
          1,
          57,
          53,
          59,
          50,
          42,
          0,
          32,
          46,
          43,
          1,
          46,
          43,
          1,
          57,
          46,
          39,
          50,
          50,
          50,
          50,
          50,
          50,
          50,
          1,
          58,
          1,
          58,
          1,
          58,
          1,
          58,
          53,
          1,
          58,
          53,
          1
        ]
      },
      {
        "prompt_idx": 4,
        "match": true,
        "first_diff": 50,